GameName,PlayedAt
Star Wars: Deckbuilding Game,2022-04-30 15:21:23
Star Wars: Deckbuilding Game,2022-10-17 07:49:49
Star Wars: Deckbuilding Game,2023-01-11 19:13:56
Star Wars: Deckbuilding Game,2022-11-10 10:17:34
7 Wonders Duel,2024-01-24 06:28:28
7 Wonders Duel,2023-04-09 23:47:41
7 Wonders Duel,2024-08-03 02:51:33
Ark Nova,2023-12-04 21:52:32
Ark Nova,2023-10-12 11:01:50
Ark Nova,2024-12-13 14:20:17
Ark Nova,2022-01-29 04:21:32
Ark Nova,2023-09-12 15:50:10
Ark Nova,2024-09-16 17:26:56
Ark Nova,2022-05-29 04:05:59
Ark Nova,2022-01-23 08:02:00
Ark Nova,2022-12-05 13:02:17
Ark Nova,2024-03-09 05:58:12
Arkham Horror LCG,2024-01-10 03:18:08
Arkham Horror LCG,2023-04-24 17:54:30
Arkham Horror LCG,2024-05-21 11:39:09
Azul,2022-06-10 16:33:29
Azul,2024-01-01 14:19:33
Azul,2024-04-06 15:57:57
Azul,2024-05-04 03:33:18
Azul,2024-04-06 22:28:18
Azul,2024-05-17 05:01:52
Azul,2024-06-16 21:37:49
Battle for the Middle Earth,2024-10-17 19:48:25
Brass: Birmingham,2023-08-03 06:44:13
Brass: Birmingham,2023-06-20 22:29:41
Cosmo Base,2023-12-09 01:00:12
Cosmo Base,2022-12-05 08:03:08
Cosmo Base,2022-12-24 13:36:18
Dune Imperium,2024-08-11 16:01:07
Dune Imperium,2023-04-07 02:25:19
El Dorado,2023-01-20 08:04:16
El Dorado,2023-11-01 11:19:38
El Dorado,2023-05-12 20:57:22
El Dorado,2024-05-25 01:31:26
El Dorado,2024-08-09 02:45:15
El Dorado,2024-09-27 07:10:38
El Dorado,2023-06-08 02:56:41
El Dorado,2022-10-26 17:55:46
Eldritch Horror,2022-03-28 20:38:27
Eldritch Horror,2022-12-18 00:17:45
Everdell,2023-09-05 23:57:49
Everdell,2023-05-24 20:27:28
Everdell,2023-10-06 16:45:45
Everdell,2022-08-09 11:09:16
Everdell,2024-10-23 21:01:59
Forest Shuffle,2022-09-04 11:45:25
Forest Shuffle,2024-05-28 01:24:53
Forest Shuffle,2024-11-19 01:56:50
Forest Shuffle,2023-05-16 04:44:45
Harry Potter: Hogwarts Battle,2024-07-03 14:40:46
Harry Potter: Hogwarts Battle,2023-03-17 00:31:07
Harry Potter: Hogwarts Battle,2024-04-04 01:28:02
Harry Potter: Hogwarts Battle,2023-08-30 18:36:39
Harry Potter: Hogwarts Battle,2024-01-13 10:35:26
Harry Potter: Hogwarts Battle,2022-11-11 19:44:27
Hero Realms,2024-04-15 04:42:14
Hero Realms,2025-02-03 12:25:46
Hero Realms,2024-09-20 08:47:52
Hero Realms,2024-11-08 13:56:16
Machi Koro,2025-01-16 23:47:59
Machi Koro,2022-07-26 04:01:31
Machi Koro,2024-09-07 20:13:16
Machi Koro,2022-07-09 19:59:19
Machi Koro,2024-08-12 01:19:49
Machi Koro,2022-12-01 06:18:50
Machi Koro,2022-11-14 06:24:37
Machi Koro,2024-03-17 13:59:22
Machi Koro,2024-04-19 09:58:43
Machi Koro,2022-10-18 00:16:47
Paper Dungeons,2022-08-11 03:51:30
Quacks of Quedlinburg,2024-10-14 20:44:51
Quacks of Quedlinburg,2024-05-22 09:25:51
Quacks of Quedlinburg,2023-02-28 05:28:55
Quacks of Quedlinburg,2025-01-31 18:11:00
Quacks of Quedlinburg,2022-03-15 10:44:00
Quacks of Quedlinburg,2024-05-31 20:59:30
Splendor Duel,2022-07-28 04:03:36
Splendor Duel,2025-01-31 22:19:47
Splendor Duel,2022-08-25 19:24:46
Star Realms,2022-04-22 20:23:24
Star Realms,2023-10-13 02:12:43
Star Realms,2022-05-02 17:42:01
Star Realms,2025-01-30 04:08:51
Star Realms,2022-11-26 23:32:51
Star Realms,2024-03-19 03:23:55
Star Realms,2022-11-03 10:55:22
Star Realms,2022-03-08 08:37:56
Terraforming Mars,2024-04-13 01:53:51
Terraforming Mars,2024-08-29 01:45:28
Terraforming Mars,2022-03-14 04:21:18
Terraforming Mars,2022-11-23 12:27:46
Terraforming Mars,2023-09-27 15:59:14
Terraforming Mars,2022-01-12 14:40:04
Terraforming Mars,2022-02-23 07:15:01
Terraforming Mars,2024-01-19 05:05:42
Terraforming Mars,2024-11-28 04:24:55
Terraforming Mars,2023-04-25 13:07:42
Terraforming Mars,2022-12-07 01:15:08
Terraforming Mars,2022-12-09 12:05:52
Terraforming Mars,2022-04-09 17:57:31
Terraforming Mars,2023-11-12 16:46:57
Terraforming Mars,2023-12-07 21:16:20
Terraforming Mars,2023-06-27 09:18:01
Terraforming Mars,2022-12-05 23:05:44
Terraforming Mars,2024-04-02 20:01:54
Terraforming Mars,2023-02-04 22:58:20
Terraforming Mars,2023-10-24 13:45:00
The Castle of Burgundy,2022-08-09 21:18:05
The Castle of Burgundy,2022-05-17 22:31:53
Ticket to Ride,2022-07-15 04:28:14
Ticket to Ride,2022-07-19 19:37:47
Ticket to Ride,2024-03-22 12:11:11
Ticket to Ride,2022-02-16 18:36:18
Ticket to Ride,2022-11-30 04:04:54
Trails of Tucana,2024-01-03 20:50:30
Trails of Tucana,2023-02-11 21:27:32
Trails of Tucana,2022-07-09 04:43:18
Trails of Tucana,2022-01-13 03:58:55
Trails of Tucana,2024-05-09 12:58:18
Trails of Tucana,2022-11-11 22:30:33
Trails of Tucana,2024-04-28 08:28:18
Trails of Tucana,2022-06-05 01:31:30
Trails of Tucana,2024-04-11 06:01:02
Trails of Tucana,2024-04-08 07:39:38
Trails of Tucana,2024-07-01 23:14:16
Trails of Tucana,2024-12-16 03:41:31
Trails of Tucana,2023-10-31 02:50:13
Trails of Tucana,2024-05-11 03:09:49
Trails of Tucana,2022-09-09 15:37:41
Trails of Tucana,2022-09-28 13:24:45
Trails of Tucana,2022-08-01 01:51:46
Trails of Tucana,2024-02-16 18:40:07
Trails of Tucana,2022-08-27 08:10:06
Trails of Tucana,2022-11-12 21:10:18
Trails of Tucana,2023-02-17 05:17:43
Trails of Tucana,2024-09-22 10:10:04
Trails of Tucana,2024-05-21 15:08:36
Trails of Tucana,2024-12-15 03:24:07
Trails of Tucana,2022-01-01 12:00:00
Twilight Inscritpion,2022-01-01 12:00:00
Welcome to,2022-01-01 12:00:00
Welcome to,2022-01-01 12:00:00
Welcome to,2022-04-30 15:21:23
Welcome to,2022-10-17 07:49:49
Welcome to,2023-01-11 19:13:56
Welcome to,2022-11-10 10:17:34
Welcome to,2024-01-24 06:28:28
Welcome to,2023-04-09 23:47:41
Welcome to,2024-08-03 02:51:33
Welcome to,2023-12-04 21:52:32
Welcome to,2023-10-12 11:01:50
Welcome to,2024-12-13 14:20:17
Welcome to,2022-01-01 12:00:00
Welcome to,2022-01-01 12:00:00
Welcome to,2022-01-01 12:00:00
Welcome to,2022-01-01 12:00:00
Welcome to,2022-01-01 12:00:00
Welcome to,2022-01-01 12:00:00
